id,author_id,title,subtitle,date,body,img_url,last_edit
1,1,Unleashing the Power of Chat GPT: Revolutionizing Conversational AI,How Chat GPT is Transforming the Landscape of Natural Language Processing and Conversational Interfaces.,"May 08, 2023","<p>Conversational Artificial Intelligence (AI) has come a long way in recent years, and Chat GPT is at the forefront of this technological revolution. As a state-of-the-art language model developed by OpenAI, Chat GPT has demonstrated remarkable capabilities in generating human-like text and engaging in meaningful conversations. In this blog post, we will explore the cutting-edge advancements of Chat GPT, delve into its technical aspects, and examine how it is reshaping the landscape of natural language processing and conversational interfaces.</p>

<p>Understanding Chat GPT: Chat GPT is a variant of the GPT (Generative Pre-trained Transformer) model, which is a deep learning architecture based on the Transformer architecture proposed by Vaswani et al. in 2017. The Transformer model revolutionized natural language processing (NLP) by introducing a self-attention mechanism that allows the model to weigh the importance of different words in a sentence when processing them. This enables the model to capture long-range dependencies and contextual information, making it highly effective in various NLP tasks, including language translation, text summarization, and text generation.</p>

<p>Chat GPT takes the capabilities of the original GPT model to the next level by specifically fine-tuning it for conversational interactions. Fine-tuning involves training the base GPT model on a large corpus of conversational data, which includes dialogues, conversations, and interactions. This fine-tuning process enables Chat GPT to learn the nuances of human conversation, such as understanding context, generating relevant responses, and maintaining coherence in a dialogue.</p>

<p>Technical Advancements of Chat GPT: Chat GPT has brought several technical advancements to the field of conversational AI, making it a game-changer in the following ways:</p>

<ul>
	<li>Multi-turn Conversations: Unlike traditional chatbots that operate in a single-turn setting, Chat GPT is designed to handle multi-turn conversations. It can understand the context of the ongoing conversation and generate responses that are relevant to the current dialogue history. This makes Chat GPT highly suitable for applications such as customer support, virtual assistants, and chat-based interfaces.</li>
</ul>

<p>For example, in a customer support scenario, Chat GPT can understand the user&#39;s query in the context of the previous conversation and generate appropriate responses. If a user asks, &quot;How do I reset my password?&quot;, Chat GPT can respond with &quot;To reset your password, please follow these steps: ...&quot;</p>

<ul>
	<li>Dynamic Responses: Chat GPT is capable of generating dynamic and diverse responses. It can generate responses that are not only contextually relevant but also varied in tone, style, and length. This makes the conversations with Chat GPT more engaging and human-like.</li>
</ul>

<p>For instance, in a conversation about movies, Chat GPT can generate responses like &quot;I loved the action sequences in that movie!&quot; or &quot;The acting was top-notch, especially by the lead actor.&quot; This dynamic response generation capability adds a natural touch to the interactions, making them more interactive and enjoyable.</p>

<ul>
	<li>Control and Customization: Chat GPT allows users to have greater control over the generated content. It comes with built-in mechanisms that enable users to customize the behavior of the model, such as specifying the style, tone, or sentiment of the responses. This empowers users to tailor the conversations according to their specific requirements.</li>
</ul>

<p>For example, in a marketing chatbot, the user can customize Chat GPT to generate responses that align with their brand&#39;s tone and style. This level of control ensures that the conversational interface represents the user&#39;s brand accurately and consistently.</p>

<ul>
	<li>Error Handling: Chat GPT is designed to handle errors and ambiguities in user queries effectively.</li>
</ul>
",https://th.bing.com/th/id/OIP.8xdDxpFIu-kv_pS2npidmQHaDm?pid=ImgDet&rs=1,"May 09, 2023"
2,1,The Top Five Movies of All Time: A Must-Watch List for Every Film Buff,"From Classics to Contemporary Hits, These Films Will Leave You Speechless.","May 08, 2023","<p>Over the years, numerous movies have been released that have captured the hearts and minds of audiences all over the world. Some have gone on to become cultural phenomena and timeless classics, while others have left a lasting impact on the film industry. In this article, we will take a closer look at the top five movies of all time, based on critical acclaim, box office success, and enduring popularity.</p>

<ul>
	<li>The Godfather (1972)</li>
</ul>

<p><img alt=""Godfather.jpg"" src=""https://i.pinimg.com/736x/20/45/1b/20451b5ba99b4b8d491083d243ca56aa.jpg"" style=""height:526px; width:340px"" /></p>

<p>Directed by Francis Ford Coppola and based on the novel by Mario Puzo, The Godfather is widely regarded as one of the greatest movies ever made. The story revolves around the Corleone family, a powerful mafia clan in New York, and the patriarch Vito Corleone (Marlon Brando) who tries to pass his legacy onto his reluctant son Michael (Al Pacino). The film won three Academy Awards, including Best Picture, and its iconic scenes and quotable lines have become ingrained in popular culture.</p>

<ul>
	<li>The Shawshank Redemption (1994)</li>
</ul>

<p><img alt=""Shawshank.jpg"" src=""https://th.bing.com/th/id/R.ca86e305130c75e910bd9c061de79b2a?rik=3uDnTl%2fVkZr3Hw&amp;pid=ImgRaw&amp;r=0"" style=""height:510px; width:340px"" /></p>

<p>Adapted from a Stephen King novella, The Shawshank Redemption tells the story of Andy Dufresne (Tim Robbins), a man wrongly convicted of murder and sentenced to life in prison. Despite the harsh conditions, he forms a close bond with fellow inmate Red (Morgan Freeman) and ultimately finds hope and redemption. The film was a box office disappointment upon its release, but has since become a beloved classic, regularly topping lists of the best movies ever made.</p>

<ul>
	<li>The Dark Knight (2008)</li>
</ul>

<p><img alt=""dark_knight.jpg"" src=""https://th.bing.com/th/id/R.889d01e101d65bf2dd37ec04a130102c?rik=W0B1VoUCTDzXNA&amp;pid=ImgRaw&amp;r=0"" style=""height:510px; width:340px"" /></p>

<p>Directed by Christopher Nolan and starring Christian Bale as Batman, The Dark Knight is widely considered to be one of the best superhero movies ever made. The film pits Batman against the Joker (Heath Ledger), a deranged criminal mastermind who seeks to bring chaos to Gotham City. Ledger&#39;s performance as the Joker earned him a posthumous Academy Award for Best Supporting Actor, and the film&#39;s themes of heroism, sacrifice, and morality continue to resonate with audiences to this day.</p>

<ul>
	<li>The Godfather Part II (1974)</li>
</ul>

<p><img alt=""Godfather2.jpg"" src=""https://th.bing.com/th/id/R.5c4640b72e535c499144b964ec8dce7d?rik=MU6DvhTOUCFIkg&amp;riu=http%3a%2f%2fimage.tmdb.org%2ft%2fp%2foriginal%2fbMadFzhjy9T7R8J48QGq1ngWNAK.jpg&amp;ehk=RYa8VwQOAz5AvraSG7Ev6mxJTOOEjge3V6L4XaAzEKM%3d&amp;risl=&amp;pid=ImgRaw&amp;r=0"" style=""height:510px; width:340px"" /></p>

<p>The Godfather Part II is the rare sequel that manages to surpass its already-iconic predecessor. Directed once again by Francis Ford Coppola, the film delves deeper into the Corleone family&#39;s history, exploring the rise of Vito Corleone (Robert De Niro) and the struggles of his son Michael (Al Pacino) to hold onto his power. The film won six Academy Awards, including Best Picture, and its stunning performances, intricate plot, and timeless themes have made it a classic in its own right.</p>

<ul>
	<li>Schindler&#39;s List (1993)</li>
</ul>

<p><img alt=""schindler.jpg"" src=""https://images07.kaleidescape.com/transformed/covers/1134x1624s/385/38560542.jpg"" style=""height:487px; width:340px"" /></p>

<p>Directed by Steven Spielberg, Schindler&#39;s List tells the true story of Oskar Schindler (Liam Neeson), a German businessman who saved the lives of more than a thousand Jewish refugees during the Holocaust. The film is a powerful and emotional depiction of one of the darkest periods in human history, and its stark black-and-white cinematography and haunting score have become synonymous with the film&#39;s tragic subject matter. The film won seven Academy Awards, including Best Picture, and its message of hope and humanity in the face of unimaginable evil has made it a timeless classic.</p>

<p>Conclusion</p>

<p>In conclusion, the top five movies of all time represent a diverse array of genres, themes, and filmmaking styles. Each one has left an indelible mark on the film industry and continues to inspire and captivate audiences to this day. Whether you&#39;re a fan of crime dramas, superhero epics, or historical dramas, these movies are must-see classics that deserve a place on every cinephile&#39;s watch.</p>
",https://i.ytimg.com/vi/SUVkAbQjLKk/maxresdefault.jpg,"May 08, 2023"
3,1,5 Best Restaurants in Nigeria to Satisfy Your Taste Buds,"From Traditional Delicacies to Exotic Cuisines, Discover the Best Places to Dine in Nigeria.","May 08, 2023","<p>Nigeria is a country rich in culture and diversity, and the same can be said about its cuisine. With a vast range of dishes influenced by different regions, religions, and ethnic groups, Nigeria is a food lover&#39;s paradise. Whether you are looking for traditional delicacies or exotic cuisines, the country offers a wide range of options to satisfy your taste buds.</p>

<p>Here are the top 5 restaurants in Nigeria that you should visit to experience the best of Nigerian cuisine.</p>

<ul>
	<li>Terra Kulture</li>
</ul>

<p><img alt=""terrakulture.jpg"" src=""https://th.bing.com/th/id/R.ae0dd90f43c78b1d68de00c8c667e32e?rik=33XKP1z9NU%2fJAQ&amp;riu=http%3a%2f%2fwww.travelstart.com.ng%2fblog%2fwp-content%2fuploads%2f2014%2f08%2fTerra-Kulture.jpg&amp;ehk=LnR7sbinmTLAECDejr8KuNXixffVqk0Ib68CNMGJvbA%3d&amp;risl=&amp;pid=ImgRaw&amp;r=0"" style=""height:341px; width:520px"" /></p>

<p>Terra Kulture is a cultural center that offers a unique experience of Nigerian arts, music, and cuisine. The restaurant is located in Lagos and is known for serving some of the best Nigerian dishes. From Jollof Rice, Moi Moi to Efo Riro, and Pepper Soup, Terra Kulture has a wide range of Nigerian delicacies to choose from. The restaurant also offers live performances and cultural displays, making it an all-in-one package for tourists.</p>

<ul>
	<li>Sky Restaurant and Lounge</li>
</ul>

<p><img alt=""skylounge.jpg"" src=""https://th.bing.com/th/id/R.2fb221b0e137253974e7dcd2812cf3c0?rik=yZfJm228IL6TPA&amp;pid=ImgRaw&amp;r=0"" style=""height:390px; width:520px"" /></p>

<p>Sky Restaurant and Lounge is situated in Eko Hotel and Suites, Lagos, and is one of the most iconic restaurants in Nigeria. The restaurant has a beautiful rooftop view that overlooks the Atlantic Ocean, making it a perfect spot for a romantic dinner. The menu is a fusion of Nigerian and Continental dishes, with options ranging from Seafood Paella, Grilled Lamb Chops, to Asun (spicy roasted goat meat).</p>

<ul>
	<li>Nkoyo</li>
</ul>

<p><img alt=""nkoyo.jpg"" src=""https://th.bing.com/th/id/R.e342365679b2dc7fff1ce4f7f12ed667?rik=drbSl6j7cJxjWA&amp;pid=ImgRaw&amp;r=0"" style=""height:390px; width:520px"" /></p>

<p>Nkoyo is a fine-dining restaurant located in Abuja, Nigeria&#39;s capital city. The restaurant serves a fusion of African and continental cuisines, with a focus on healthy eating. From gluten-free meals to vegan options, Nkoyo has something for everyone. The ambiance is luxurious, and the restaurant&#39;s architecture blends traditional African elements with modern-day designs.</p>

<ul>
	<li>Yellow Chilli</li>
</ul>

<p><img alt=""yellowchilli.jpg"" src=""https://th.bing.com/th/id/R.82f2c4a7fe94b895735473235430fe9f?rik=hTeyfy9skPXUXw&amp;pid=ImgRaw&amp;r=0"" style=""height:402px; width:520px"" /></p>

<p>Yellow Chilli is a contemporary restaurant located in Victoria Island, Lagos. The restaurant offers a fusion of African and Asian cuisines, with dishes ranging from Chicken Shawarma, Chicken Coconut Curry to Fried Rice. The ambiance is cozy, and the restaurant&#39;s decor is a blend of traditional and modern elements, giving it a unique feel.</p>

<ul>
	<li>Bungalow Restaurant</li>
</ul>

<p><img alt=""bungalow.jpg"" src=""https://th.bing.com/th/id/R.fb62dce4606a2ed53c0521db700c4923?rik=3u%2f4i%2fMIce10QQ&amp;pid=ImgRaw&amp;r=0"" style=""height:312px; width:520px"" /></p>

<p>Bungalow Restaurant is located in Victoria Island, Lagos, and is one of the most popular restaurants in Nigeria. The restaurant has a laid-back ambiance, making it perfect for casual dining. The menu offers a range of Nigerian dishes, including Fried Rice, Egusi Soup, and Suya. The restaurant also has a bar that serves a range of cocktails and mocktails.</p>

<p>In conclusion, Nigeria is a country with diverse cuisine, and these restaurants offer a unique experience to explore its gastronomy. From traditional delicacies to exotic cuisines, these restaurants are a must-visit for anyone who wants to explore the best of Nigerian cuisine.</p>
",https://lh5.googleusercontent.com/proxy/D8kxI9Qab11h1jWzMOFNUv38apgPj-3arOrWxFMKX968BvcsV6LbxrVaVJ2CNwNrtC6blCbv7VEOVA_vATtf0p97Z-vvxQVdfif_l0rVsaXsMp5XfOKrZzbRmli7sZIF=w1200-h630-p-k-no-nu,"May 08, 2023"
4,1,"Fashion Designs in the Modern World: Exploring Trends, Innovations, and Sustainability",How Fashion is Evolving to Meet the Demands of a Changing World,"May 08, 2023","<p>Fashion is a constantly evolving industry that is fueled by creativity, innovation, and the changing needs and demands of consumers. From haute couture to streetwear, fashion designs have come a long way over the years, with new trends and styles emerging every season. In this article, we will explore some of the latest fashion designs that are making waves in the modern world, as well as the growing importance of sustainability in the industry.</p>

<p>Sustainable Fashion Designs: The Rise of Eco-Friendly and Ethical Fashion</p>

<p>One of the biggest trends in the fashion industry in recent years has been the growing focus on sustainability. With concerns over the environmental impact of the industry, as well as labor practices and worker rights, consumers are increasingly seeking out brands that prioritize eco-friendly and ethical practices. This has led to a rise in sustainable fashion designs, with designers incorporating recycled materials, organic fabrics, and ethical production practices into their collections.</p>

<p>From eco-friendly denim to sustainable swimwear, there are a wide range of sustainable fashion designs to choose from. Brands like Patagonia and Everlane are leading the way in ethical fashion, with a focus on transparency and sustainability throughout the production process. The rise of sustainable fashion designs has also led to the growth of secondhand and vintage clothing markets, as consumers seek out pre-loved items as a way to reduce waste and support a circular economy.</p>

<p>The Intersection of Technology and Fashion Designs</p>

<p>Another trend that is shaping the fashion industry is the growing intersection of technology and fashion designs. From smart fabrics that can regulate body temperature to 3D printed garments, technology is changing the way we think about fashion. Wearable technology, such as fitness trackers and smartwatches, has also become a popular accessory in recent years.</p>

<p>In addition to enhancing functionality and performance, technology is also being used to create more immersive and interactive fashion experiences. Augmented reality (AR) and virtual reality (VR) are being used by designers and retailers to create digital showrooms and virtual try-on experiences, allowing consumers to visualize and interact with fashion designs in new and innovative ways.</p>

<p>Fashion Designs that Embrace Diversity and Inclusivity</p>

<p>Fashion is an art form that should be accessible and inclusive to everyone. Thankfully, there has been a growing movement towards diversity and inclusivity in the fashion industry in recent years, with designers and brands embracing a wider range of sizes, skin tones, and cultural backgrounds.</p>

<p>Plus-size fashion has become a major segment of the industry, with brands like Universal Standard and Eloquii leading the way in creating stylish and flattering designs for women of all sizes. In addition, there has been a growing focus on inclusivity in beauty and fashion campaigns, with more diverse models and brand ambassadors being featured in advertising and marketing materials.</p>

<p>Final Thoughts</p>

<p>Fashion designs in the modern world are constantly evolving, with new trends and innovations emerging every season. From sustainable and eco-friendly fashion to technology-driven designs, the industry is responding to the changing demands and needs of consumers. As we move towards a more sustainable and inclusive future, it&#39;s important to support brands and designers that prioritize ethical and responsible practices, and to celebrate the diversity and beauty of all people.</p>
",https://th.bing.com/th/id/R.67ebd5d7754bb0736e40442e7974242f?rik=XS58P%2biWRHLz7g&pid=ImgRaw&r=0,"May 08, 2023"
